question,ground_truth
What is the difference between artificial general intelligence (AGI) and the current capabilities of language models like me?,"Artificial general intelligence (AGI) refers to a hypothetical type of artificial intelligence that can learn and perform any intellectual task, much like a human. In contrast, current language models like me have specific capabilities, such as generating text based on the input given, but they do not possess the ability to learn and perform any intellectual task autonomously. Instead, they serve as a 'copilot' that provides assistance and suggestions, helping users with a variety of tasks such as brainstorming ideas, creating content, and answering questions."
What is the first step in using large language models (LLMs) effectively and responsibly?,"The first step in using large language models (LLMs) effectively and responsibly is to identify the task that the LLM will be used for. LLMs can be used for a wide range of tasks, such as text classification, sentiment analysis, question answering, and text generation."
How can a question answering system be generalized using pre-trained language model fine-tuning?,"A question answering system can be generalized using pre-trained language model fine-tuning by fine-tuning the pre-trained language model on a specific task, such as question answering. This allows the model to learn the nuances and specifics of the task, improving its performance and generalizability."
What is the use case for the Language Translation plugin in ChatGPT?,"The Language Translation plugin in ChatGPT can be used for translating between languages. This is particularly useful for business, travel, medical science, education, and law where documents and information from different languages might need to be translated. It can also be used by students to learn new languages."
"How has ChatGPT been applied in the fields of design, manufacturing, and education as of 2023?","According to the provided context, ChatGPT has been applied in the fields of design, manufacturing, and education as of 2023. Specifically, it has been used for improving additive manufacturing troubleshooting (Badini et al., 2023), collaborating in journalism and media education (Pavlik, 2023), and enhancing the design and manufacturing processes (Wang et al., 2023)."
"How do LLMs based on transformer arch. create human-like content across diff. topics using large training data in text, image, video, and gen. apps?","LLMs based on the transformer architecture create human-like content across various topics by leveraging massive amounts of training data in text, image, video, and generation applications. They process and generate content by learning patterns and structures from the training data, enabling them to produce outputs that are similar to human-generated content."
How does RNNLM's deep learning approach improve language modeling over statistical methods?,RNNLM's deep learning approach improves language modeling over statistical methods by using deep learning techniques to learn the patterns and structures of language from large amounts of text. This allows RNNLM to better understand the semantics and context of language compared to statistical models.
"1. How would you describe the iterative process and resource demands of training large language models like GPT and BERT, taking into account their developmental phases, parameter growth, pre-training strategy improvements, and ethical concerns?","The training process for large language models such as GPT and BERT is iterative and resource-intensive, involving several developmental stages. As these models have evolved, their size and complexity have increased, with the number of parameters growing from hundreds of millions in earlier models to trillions in more recent ones. This growth has allowed for more sophisticated language understanding and generation capabilities. The pre-training strategy has also been improved over time, further enhancing model performance. Ethical considerations are an integral part of the process, aiming to minimize harmful or biased outputs. The training process is continually improved and monitored to enhance both performance and safety."
"1. How can we ensure transparency, ethical considerations, and user privacy in large language model development, while addressing bias and maintaining performance, given data diversity?","To ensure transparency, ethical considerations, and user privacy in large language model development, while addressing bias and maintaining performance, given data diversity, consider the following steps: 1. Implement transparent model development processes, including clear documentation of data sources, model architecture, and training procedures. 2. Regularly evaluate the model for bias and fairness, and implement mitigation strategies as needed. 3. Protect user privacy by anonymizing and aggregating data, and by providing users with control over their data. 4. Ensure data diversity to reduce bias and improve model performance. 5. Continuously monitor and improve the model based on user feedback and new data."
"How have language models, as per recent studies like those of Lin et al. and Madani et al., been utilized in protein sequence analysis, and what notable impacts have these models had on the field?","Recent studies by Lin et al. and Madani et al. have demonstrated the application of language models in protein sequence analysis. These models have been used for tasks such as protein structure prediction and protein generation. The use of language models at the scale of evolution has enabled accurate structure prediction, which is a significant development in the field."
